{
    "r2_score": 87.59,
    "mse": 0.007332,
    "mae": 0.072808,
    "rmse": 0.085629,
    "version": "1.0.0",
    "last_trained": "2026-06-13"
}